{"cameraMode":{"drawMode":0,"name":"Shaded","section":"Shading Mode"},"sceneLighting":false,"audioPlay":false,"sceneViewState":{"m_AlwaysRefresh":false,"showFog":true,"showSkybox":false,"showFlares":true,"showImageEffects":true,"showParticleSystems":true,"showVisualEffectGraphs":true,"m_FxEnabled":false},"in2DMode":false,"pivot":{"x":0.46700000762939455,"y":1.1330000162124634,"z":2.559999942779541},"rotation":{"x":0.2820073068141937,"y":-0.2742029130458832,"z":0.08441430330276489,"w":0.9154683351516724},"size":0.8660253882408142,"orthographic":false}