{"cameraMode":{"drawMode":0,"name":"Shaded","section":"Shading Mode"},"sceneLighting":false,"audioPlay":false,"sceneViewState":{"m_AlwaysRefresh":false,"showFog":true,"showSkybox":false,"showFlares":true,"showImageEffects":true,"showParticleSystems":true,"showVisualEffectGraphs":true,"m_FxEnabled":false},"in2DMode":false,"pivot":{"x":-1.9597681760787964,"y":-0.26183247566223147,"z":0.13860225677490235},"rotation":{"x":0.11246281862258911,"y":-0.8467872142791748,"z":0.1980912834405899,"w":0.4806760847568512},"size":11.145713806152344,"orthographic":false}